instagram_handle,message
@pressureventurellc,"Hey, are you guys taking on new projects? 

I usually don't do this but I was just doom scrolling and found your pressure washing page and your work looks 🔥....was surprised though you got no dedicated website ...especially with the kind content you got....so I went straight ahead and created a high converting website for your business so your clients can see your work and book you seamlessly...

https://thinktosharewebsites.github.io/w/pressure-venture-llc.html

If you like it lets get on a call maybe to customise it for your business"
@powerwashing.cw,"Hey, are you guys taking on new projects? 

I usually don't do this but I was just doom scrolling and found your pressure washing page and your work looks 🔥....was surprised though you got no dedicated website ...especially with the kind content you got....so I went straight ahead and created a high converting website for your business so your clients can see your work and book you seamlessly...

https://thinktosharewebsites.github.io/w/powerwashing-cw.html

If you like it lets get on a call maybe to customise it for your business"
@merrimackvalleywash,"Hey, are you guys taking on new projects? 

I usually don't do this but I was just doom scrolling and found your pressure washing page and your work looks 🔥....was surprised though you got no dedicated website ...especially with the kind content you got....so I went straight ahead and created a high converting website for your business so your clients can see your work and book you seamlessly...

https://thinktosharewebsites.github.io/w/merrimack-valley-wash.html

If you like it lets get on a call maybe to customise it for your business"
@perfect_pressure758,"Hey, are you guys taking on new projects? 

I usually don't do this but I was just doom scrolling and found your pressure washing page and your work looks 🔥....was surprised though you got no dedicated website ...especially with the kind content you got....so I went straight ahead and created a high converting website for your business so your clients can see your work and book you seamlessly...

https://thinktosharewebsites.github.io/w/perfect-pressure-758.html

If you like it lets get on a call maybe to customise it for your business"
@goatsautospa,"Hey, are you guys taking on new projects? 

I usually don't do this but I was just doom scrolling and found your pressure washing page and your work looks 🔥....was surprised though you got no dedicated website ...especially with the kind content you got....so I went straight ahead and created a high converting website for your business so your clients can see your work and book you seamlessly...

https://thinktosharewebsites.github.io/w/goats-auto-spa.html

If you like it lets get on a call maybe to customise it for your business"
@newbrite_pressurewashing,"Hey, are you guys taking on new projects? 

I usually don't do this but I was just doom scrolling and found your pressure washing page and your work looks 🔥....was surprised though you got no dedicated website ...especially with the kind content you got....so I went straight ahead and created a high converting website for your business so your clients can see your work and book you seamlessly...

https://thinktosharewebsites.github.io/w/newbrite-pressure-washing.html

If you like it lets get on a call maybe to customise it for your business"
@martinspowersweeping,"Hey, are you guys taking on new projects? 

I usually don't do this but I was just doom scrolling and found your pressure washing page and your work looks 🔥....was surprised though you got no dedicated website ...especially with the kind content you got....so I went straight ahead and created a high converting website for your business so your clients can see your work and book you seamlessly...

https://thinktosharewebsites.github.io/w/martins-power-sweeping.html

If you like it lets get on a call maybe to customise it for your business"
@j_apressurewashing,"Hey, are you guys taking on new projects? 

I usually don't do this but I was just doom scrolling and found your pressure washing page and your work looks 🔥....was surprised though you got no dedicated website ...especially with the kind content you got....so I went straight ahead and created a high converting website for your business so your clients can see your work and book you seamlessly...

https://thinktosharewebsites.github.io/w/ja-pressure-washing.html

If you like it lets get on a call maybe to customise it for your business"
@summit.home.wash,"Hey, are you guys taking on new projects? 

I usually don't do this but I was just doom scrolling and found your pressure washing page and your work looks 🔥....was surprised though you got no dedicated website ...especially with the kind content you got....so I went straight ahead and created a high converting website for your business so your clients can see your work and book you seamlessly...

https://thinktosharewebsites.github.io/w/summit-home-wash.html

If you like it lets get on a call maybe to customise it for your business"
@fa_powercleaning,"Hey, are you guys taking on new projects? 

I usually don't do this but I was just doom scrolling and found your pressure washing page and your work looks 🔥....was surprised though you got no dedicated website ...especially with the kind content you got....so I went straight ahead and created a high converting website for your business so your clients can see your work and book you seamlessly...

https://thinktosharewebsites.github.io/w/fa-power-cleaning.html

If you like it lets get on a call maybe to customise it for your business"
@defelicepowerwashing,"Hey, are you guys taking on new projects? 

I usually don't do this but I was just doom scrolling and found your pressure washing page and your work looks 🔥....was surprised though you got no dedicated website ...especially with the kind content you got....so I went straight ahead and created a high converting website for your business so your clients can see your work and book you seamlessly...

https://thinktosharewebsites.github.io/w/defelice-power-washing.html

If you like it lets get on a call maybe to customise it for your business"
@rs_pressurewashing_llc,"Hey, are you guys taking on new projects? 

I usually don't do this but I was just doom scrolling and found your pressure washing page and your work looks 🔥....was surprised though you got no dedicated website ...especially with the kind content you got....so I went straight ahead and created a high converting website for your business so your clients can see your work and book you seamlessly...

https://thinktosharewebsites.github.io/w/rs-pressure-washing-llc.html

If you like it lets get on a call maybe to customise it for your business"
@landscape.service,"Hey, are you guys taking on new projects? 

I usually don't do this but I was just doom scrolling and found your pressure washing page and your work looks 🔥....was surprised though you got no dedicated website ...especially with the kind content you got....so I went straight ahead and created a high converting website for your business so your clients can see your work and book you seamlessly...

https://thinktosharewebsites.github.io/w/landscape-service-pw.html

If you like it lets get on a call maybe to customise it for your business"
@proshineelitepressurewashing,"Hey, are you guys taking on new projects? 

I usually don't do this but I was just doom scrolling and found your pressure washing page and your work looks 🔥....was surprised though you got no dedicated website ...especially with the kind content you got....so I went straight ahead and created a high converting website for your business so your clients can see your work and book you seamlessly...

https://thinktosharewebsites.github.io/w/proshine-elite-pressure-washing.html

If you like it lets get on a call maybe to customise it for your business"
@onnareallcleanz,"Hey, are you guys taking on new projects? 

I usually don't do this but I was just doom scrolling and found your pressure washing page and your work looks 🔥....was surprised though you got no dedicated website ...especially with the kind content you got....so I went straight ahead and created a high converting website for your business so your clients can see your work and book you seamlessly...

https://thinktosharewebsites.github.io/w/onna-really-cleanz.html

If you like it lets get on a call maybe to customise it for your business"
@leveluptransformationsllc,"Hey, are you guys taking on new projects? 

I usually don't do this but I was just doom scrolling and found your pressure washing page and your work looks 🔥....was surprised though you got no dedicated website ...especially with the kind content you got....so I went straight ahead and created a high converting website for your business so your clients can see your work and book you seamlessly...

https://thinktosharewebsites.github.io/w/levelup-transformations-llc.html

If you like it lets get on a call maybe to customise it for your business"
@bwpw_lv,"Hey, are you guys taking on new projects? 

I usually don't do this but I was just doom scrolling and found your pressure washing page and your work looks 🔥....was surprised though you got no dedicated website ...especially with the kind content you got....so I went straight ahead and created a high converting website for your business so your clients can see your work and book you seamlessly...

https://thinktosharewebsites.github.io/w/bwpw-lv.html

If you like it lets get on a call maybe to customise it for your business"
@cleancurbpropertycare,"Hey, are you guys taking on new projects? 

I usually don't do this but I was just doom scrolling and found your pressure washing page and your work looks 🔥....was surprised though you got no dedicated website ...especially with the kind content you got....so I went straight ahead and created a high converting website for your business so your clients can see your work and book you seamlessly...

https://thinktosharewebsites.github.io/w/clean-curb-property-care.html

If you like it lets get on a call maybe to customise it for your business"
@cgb_drisco,"Hey, are you guys taking on new projects? 

I usually don't do this but I was just doom scrolling and found your pressure washing page and your work looks 🔥....was surprised though you got no dedicated website ...especially with the kind content you got....so I went straight ahead and created a high converting website for your business so your clients can see your work and book you seamlessly...

https://thinktosharewebsites.github.io/w/cgb-drisco.html

If you like it lets get on a call maybe to customise it for your business"
@elite_bincleaning01,"Hey, are you guys taking on new projects? 

I usually don't do this but I was just doom scrolling and found your pressure washing page and your work looks 🔥....was surprised though you got no dedicated website ...especially with the kind content you got....so I went straight ahead and created a high converting website for your business so your clients can see your work and book you seamlessly...

https://thinktosharewebsites.github.io/w/elite-bin-cleaning.html

If you like it lets get on a call maybe to customise it for your business"
@bosswash2026,"Hey, are you guys taking on new projects? 

I usually don't do this but I was just doom scrolling and found your pressure washing page and your work looks 🔥....was surprised though you got no dedicated website ...especially with the kind content you got....so I went straight ahead and created a high converting website for your business so your clients can see your work and book you seamlessly...

https://thinktosharewebsites.github.io/w/boss-wash-2026.html

If you like it lets get on a call maybe to customise it for your business"
@houstonpressurewashing,"Hey, are you guys taking on new projects? 

I usually don't do this but I was just doom scrolling and found your pressure washing page and your work looks 🔥....was surprised though you got no dedicated website ...especially with the kind content you got....so I went straight ahead and created a high converting website for your business so your clients can see your work and book you seamlessly...

https://thinktosharewebsites.github.io/w/houston-pressure-washing.html

If you like it lets get on a call maybe to customise it for your business"
@burgessexteriornc,"Hey, are you guys taking on new projects? 

I usually don't do this but I was just doom scrolling and found your pressure washing page and your work looks 🔥....was surprised though you got no dedicated website ...especially with the kind content you got....so I went straight ahead and created a high converting website for your business so your clients can see your work and book you seamlessly...

https://thinktosharewebsites.github.io/w/burgess-exterior-nc.html

If you like it lets get on a call maybe to customise it for your business"
@togetherwehaul,"Hey, are you guys taking on new projects? 

I usually don't do this but I was just doom scrolling and found your pressure washing page and your work looks 🔥....was surprised though you got no dedicated website ...especially with the kind content you got....so I went straight ahead and created a high converting website for your business so your clients can see your work and book you seamlessly...

https://thinktosharewebsites.github.io/w/together-we-haul.html

If you like it lets get on a call maybe to customise it for your business"
@supreme_soft_wash,"Hey, are you guys taking on new projects? 

I usually don't do this but I was just doom scrolling and found your pressure washing page and your work looks 🔥....was surprised though you got no dedicated website ...especially with the kind content you got....so I went straight ahead and created a high converting website for your business so your clients can see your work and book you seamlessly...

https://thinktosharewebsites.github.io/w/supreme-soft-wash.html

If you like it lets get on a call maybe to customise it for your business"
@tavarespowerwashandpaint,"Hey, are you guys taking on new projects? 

I usually don't do this but I was just doom scrolling and found your pressure washing page and your work looks 🔥....was surprised though you got no dedicated website ...especially with the kind content you got....so I went straight ahead and created a high converting website for your business so your clients can see your work and book you seamlessly...

https://thinktosharewebsites.github.io/w/tavares-power-wash-and-paint.html

If you like it lets get on a call maybe to customise it for your business"
@premierpressurewashing_nc,"Hey, are you guys taking on new projects? 

I usually don't do this but I was just doom scrolling and found your pressure washing page and your work looks 🔥....was surprised though you got no dedicated website ...especially with the kind content you got....so I went straight ahead and created a high converting website for your business so your clients can see your work and book you seamlessly...

https://thinktosharewebsites.github.io/w/premier-pressure-washing-nc.html

If you like it lets get on a call maybe to customise it for your business"
@abnseasonalservices,"Hey, are you guys taking on new projects? 

I usually don't do this but I was just doom scrolling and found your pressure washing page and your work looks 🔥....was surprised though you got no dedicated website ...especially with the kind content you got....so I went straight ahead and created a high converting website for your business so your clients can see your work and book you seamlessly...

https://thinktosharewebsites.github.io/w/abn-seasonal-services.html

If you like it lets get on a call maybe to customise it for your business"
@thefreshcleaningco,"Hey, are you guys taking on new projects? 

I usually don't do this but I was just doom scrolling and found your pressure washing page and your work looks 🔥....was surprised though you got no dedicated website ...especially with the kind content you got....so I went straight ahead and created a high converting website for your business so your clients can see your work and book you seamlessly...

https://thinktosharewebsites.github.io/w/the-fresh-cleaning-co.html

If you like it lets get on a call maybe to customise it for your business"
@weblife_debo,"Hey, are you guys taking on new projects? 

I usually don't do this but I was just doom scrolling and found your pressure washing page and your work looks 🔥....was surprised though you got no dedicated website ...especially with the kind content you got....so I went straight ahead and created a high converting website for your business so your clients can see your work and book you seamlessly...

https://thinktosharewebsites.github.io/w/weblife-debo-pw.html

If you like it lets get on a call maybe to customise it for your business"
@blastbrospowerwash,"Hey, are you guys taking on new projects? 

I usually don't do this but I was just doom scrolling and found your pressure washing page and your work looks 🔥....was surprised though you got no dedicated website ...especially with the kind content you got....so I went straight ahead and created a high converting website for your business so your clients can see your work and book you seamlessly...

https://thinktosharewebsites.github.io/w/blast-bros-power-wash.html

If you like it lets get on a call maybe to customise it for your business"
@pdxwasherss,"Hey, are you guys taking on new projects? 

I usually don't do this but I was just doom scrolling and found your pressure washing page and your work looks 🔥....was surprised though you got no dedicated website ...especially with the kind content you got....so I went straight ahead and created a high converting website for your business so your clients can see your work and book you seamlessly...

https://thinktosharewebsites.github.io/w/pdx-washers.html

If you like it lets get on a call maybe to customise it for your business"
@nico.coastalpw,"Hey, are you guys taking on new projects? 

I usually don't do this but I was just doom scrolling and found your pressure washing page and your work looks 🔥....was surprised though you got no dedicated website ...especially with the kind content you got....so I went straight ahead and created a high converting website for your business so your clients can see your work and book you seamlessly...

https://thinktosharewebsites.github.io/w/nico-coastal-pw.html

If you like it lets get on a call maybe to customise it for your business"
@its_me0425,"Hey, are you guys taking on new projects? 

I usually don't do this but I was just doom scrolling and found your pressure washing page and your work looks 🔥....was surprised though you got no dedicated website ...especially with the kind content you got....so I went straight ahead and created a high converting website for your business so your clients can see your work and book you seamlessly...

https://thinktosharewebsites.github.io/w/its-me-0425-pw.html

If you like it lets get on a call maybe to customise it for your business"
@arrowgeneralcontractor,"Hey, are you guys taking on new projects? 

I usually don't do this but I was just doom scrolling and found your pressure washing page and your work looks 🔥....was surprised though you got no dedicated website ...especially with the kind content you got....so I went straight ahead and created a high converting website for your business so your clients can see your work and book you seamlessly...

https://thinktosharewebsites.github.io/w/arrow-general-contractor.html

If you like it lets get on a call maybe to customise it for your business"
@cpjetwash,"Hey, are you guys taking on new projects? 

I usually don't do this but I was just doom scrolling and found your pressure washing page and your work looks 🔥....was surprised though you got no dedicated website ...especially with the kind content you got....so I went straight ahead and created a high converting website for your business so your clients can see your work and book you seamlessly...

https://thinktosharewebsites.github.io/w/cp-jet-wash.html

If you like it lets get on a call maybe to customise it for your business"
@prestige.power.washing,"Hey, are you guys taking on new projects? 

I usually don't do this but I was just doom scrolling and found your pressure washing page and your work looks 🔥....was surprised though you got no dedicated website ...especially with the kind content you got....so I went straight ahead and created a high converting website for your business so your clients can see your work and book you seamlessly...

https://thinktosharewebsites.github.io/w/prestige-power-washing.html

If you like it lets get on a call maybe to customise it for your business"
@rebecacharly,"Hey, are you guys taking on new projects? 

I usually don't do this but I was just doom scrolling and found your pressure washing page and your work looks 🔥....was surprised though you got no dedicated website ...especially with the kind content you got....so I went straight ahead and created a high converting website for your business so your clients can see your work and book you seamlessly...

https://thinktosharewebsites.github.io/w/rebeca-charly-pw.html

If you like it lets get on a call maybe to customise it for your business"
@feespressurecleaning,"Hey, are you guys taking on new projects? 

I usually don't do this but I was just doom scrolling and found your pressure washing page and your work looks 🔥....was surprised though you got no dedicated website ...especially with the kind content you got....so I went straight ahead and created a high converting website for your business so your clients can see your work and book you seamlessly...

https://thinktosharewebsites.github.io/w/fees-pressure-cleaning.html

If you like it lets get on a call maybe to customise it for your business"
@tylerhoward42,"Hey, are you guys taking on new projects? 

I usually don't do this but I was just doom scrolling and found your pressure washing page and your work looks 🔥....was surprised though you got no dedicated website ...especially with the kind content you got....so I went straight ahead and created a high converting website for your business so your clients can see your work and book you seamlessly...

https://thinktosharewebsites.github.io/w/tyler-howard-pw.html

If you like it lets get on a call maybe to customise it for your business"
@cumbreservices,"Hey, are you guys taking on new projects? 

I usually don't do this but I was just doom scrolling and found your pressure washing page and your work looks 🔥....was surprised though you got no dedicated website ...especially with the kind content you got....so I went straight ahead and created a high converting website for your business so your clients can see your work and book you seamlessly...

https://thinktosharewebsites.github.io/w/cumbre-services.html

If you like it lets get on a call maybe to customise it for your business"
@jacksonpressurewashingllc,"Hey, are you guys taking on new projects? 

I usually don't do this but I was just doom scrolling and found your pressure washing page and your work looks 🔥....was surprised though you got no dedicated website ...especially with the kind content you got....so I went straight ahead and created a high converting website for your business so your clients can see your work and book you seamlessly...

https://thinktosharewebsites.github.io/w/jackson-pressure-washing-llc.html

If you like it lets get on a call maybe to customise it for your business"
@mchiganpressurewashing,"Hey, are you guys taking on new projects? 

I usually don't do this but I was just doom scrolling and found your pressure washing page and your work looks 🔥....was surprised though you got no dedicated website ...especially with the kind content you got....so I went straight ahead and created a high converting website for your business so your clients can see your work and book you seamlessly...

https://thinktosharewebsites.github.io/w/michigan-pressure-washing.html

If you like it lets get on a call maybe to customise it for your business"
@sirpavers,"Hey, are you guys taking on new projects? 

I usually don't do this but I was just doom scrolling and found your pressure washing page and your work looks 🔥....was surprised though you got no dedicated website ...especially with the kind content you got....so I went straight ahead and created a high converting website for your business so your clients can see your work and book you seamlessly...

https://thinktosharewebsites.github.io/w/sir-pavers.html

If you like it lets get on a call maybe to customise it for your business"
@proud_father_of_girls,"Hey, are you guys taking on new projects? 

I usually don't do this but I was just doom scrolling and found your pressure washing page and your work looks 🔥....was surprised though you got no dedicated website ...especially with the kind content you got....so I went straight ahead and created a high converting website for your business so your clients can see your work and book you seamlessly...

https://thinktosharewebsites.github.io/w/proud-father-pw.html

If you like it lets get on a call maybe to customise it for your business"
@graingersoutdoorcleaning,"Hey, are you guys taking on new projects? 

I usually don't do this but I was just doom scrolling and found your pressure washing page and your work looks 🔥....was surprised though you got no dedicated website ...especially with the kind content you got....so I went straight ahead and created a high converting website for your business so your clients can see your work and book you seamlessly...

https://thinktosharewebsites.github.io/w/graingers-outdoor-cleaning.html

If you like it lets get on a call maybe to customise it for your business"
@dgsolutions_pressure_washing,"Hey, are you guys taking on new projects? 

I usually don't do this but I was just doom scrolling and found your pressure washing page and your work looks 🔥....was surprised though you got no dedicated website ...especially with the kind content you got....so I went straight ahead and created a high converting website for your business so your clients can see your work and book you seamlessly...

https://thinktosharewebsites.github.io/w/dg-solutions-pressure-washing.html

If you like it lets get on a call maybe to customise it for your business"
@paradigm_pps,"Hey, are you guys taking on new projects? 

I usually don't do this but I was just doom scrolling and found your pressure washing page and your work looks 🔥....was surprised though you got no dedicated website ...especially with the kind content you got....so I went straight ahead and created a high converting website for your business so your clients can see your work and book you seamlessly...

https://thinktosharewebsites.github.io/w/paradigm-pps.html

If you like it lets get on a call maybe to customise it for your business"
@oc_cleaning_solutions,"Hey, are you guys taking on new projects? 

I usually don't do this but I was just doom scrolling and found your pressure washing page and your work looks 🔥....was surprised though you got no dedicated website ...especially with the kind content you got....so I went straight ahead and created a high converting website for your business so your clients can see your work and book you seamlessly...

https://thinktosharewebsites.github.io/w/oc-cleaning-solutions.html

If you like it lets get on a call maybe to customise it for your business"
@clear_vue_solutions,"Hey, are you guys taking on new projects? 

I usually don't do this but I was just doom scrolling and found your pressure washing page and your work looks 🔥....was surprised though you got no dedicated website ...especially with the kind content you got....so I went straight ahead and created a high converting website for your business so your clients can see your work and book you seamlessly...

https://thinktosharewebsites.github.io/w/clear-vue-solutions.html

If you like it lets get on a call maybe to customise it for your business"
@clean_surface_pros,"Hey, are you guys taking on new projects? 

I usually don't do this but I was just doom scrolling and found your pressure washing page and your work looks 🔥....was surprised though you got no dedicated website ...especially with the kind content you got....so I went straight ahead and created a high converting website for your business so your clients can see your work and book you seamlessly...

https://thinktosharewebsites.github.io/w/clean-surface-pros.html

If you like it lets get on a call maybe to customise it for your business"
@highdesert.detailing,"Hey, are you guys taking on new projects? 

I usually don't do this but I was just doom scrolling and found your auto detailing page and your work looks 🔥....was surprised though you got no dedicated website ...especially with the kind content you got....so I went straight ahead and created a high converting website for your business so your clients can see your work and book you seamlessly...

https://thinktosharewebsites.github.io/w/highdesert-detailing.html

If you like it lets get on a call maybe to customise it for your business"
@leaky_klean_mobile_detailing,"Hey, are you guys taking on new projects? 

I usually don't do this but I was just doom scrolling and found your auto detailing page and your work looks 🔥....was surprised though you got no dedicated website ...especially with the kind content you got....so I went straight ahead and created a high converting website for your business so your clients can see your work and book you seamlessly...

https://thinktosharewebsites.github.io/w/leaky-klean-mobile-detailing.html

If you like it lets get on a call maybe to customise it for your business"
@bossmanejay23,"Hey, are you guys taking on new projects? 

I usually don't do this but I was just doom scrolling and found your lawn and landscaping page and your work looks 🔥....was surprised though you got no dedicated website ...especially with the kind content you got....so I went straight ahead and created a high converting website for your business so your clients can see your work and book you seamlessly...

https://thinktosharewebsites.github.io/w/bossmanejay-lawn.html

If you like it lets get on a call maybe to customise it for your business"
@paysagisteas,"Hey, are you guys taking on new projects? 

I usually don't do this but I was just doom scrolling and found your lawn and landscaping page and your work looks 🔥....was surprised though you got no dedicated website ...especially with the kind content you got....so I went straight ahead and created a high converting website for your business so your clients can see your work and book you seamlessly...

https://thinktosharewebsites.github.io/w/paysagiste-as.html

If you like it lets get on a call maybe to customise it for your business"
@matteoslawnandlandscape,"Hey, are you guys taking on new projects? 

I usually don't do this but I was just doom scrolling and found your lawn and landscaping page and your work looks 🔥....was surprised though you got no dedicated website ...especially with the kind content you got....so I went straight ahead and created a high converting website for your business so your clients can see your work and book you seamlessly...

https://thinktosharewebsites.github.io/w/matteos-lawn-and-landscape.html

If you like it lets get on a call maybe to customise it for your business"
@bakins32,"Hey, are you guys taking on new projects? 

I usually don't do this but I was just doom scrolling and found your lawn and landscaping page and your work looks 🔥....was surprised though you got no dedicated website ...especially with the kind content you got....so I went straight ahead and created a high converting website for your business so your clients can see your work and book you seamlessly...

https://thinktosharewebsites.github.io/w/bakins-lawn.html

If you like it lets get on a call maybe to customise it for your business"
@mr54june216,"Hey, are you guys taking on new projects? 

I usually don't do this but I was just doom scrolling and found your lawn and landscaping page and your work looks 🔥....was surprised though you got no dedicated website ...especially with the kind content you got....so I went straight ahead and created a high converting website for your business so your clients can see your work and book you seamlessly...

https://thinktosharewebsites.github.io/w/mr54-june-lawn.html

If you like it lets get on a call maybe to customise it for your business"
@owensmowinme,"Hey, are you guys taking on new projects? 

I usually don't do this but I was just doom scrolling and found your lawn and landscaping page and your work looks 🔥....was surprised though you got no dedicated website ...especially with the kind content you got....so I went straight ahead and created a high converting website for your business so your clients can see your work and book you seamlessly...

https://thinktosharewebsites.github.io/w/owens-mowin-me.html

If you like it lets get on a call maybe to customise it for your business"
