Instagram URL,Message
https://www.instagram.com/autocaregirls/,"Hey, are you guys taking on new projects? 

I don't commonly do this but I was just doom scrolling and found your detailing page and your work looks 🔥....was surprised though you got no dedicated website ...especially with the kind content you got....so I went straight ahead and created a high converting website for your business so your clients can see your work and book you seamlessly...

https://thinktosharewebsites.github.io/w/autocare-girls.html

btw don't mind the images I've used ... I just made do with whatever I could get from your IG

If you like it lets get on a call maybe to customise it for your business"
https://www.instagram.com/autoclearpromobiledetailing/,"Hey, are you guys taking on new projects? 

I don't commonly do this but I was just doom scrolling and found your detailing page and your work looks 🔥....was surprised though you got no dedicated website ...especially with the kind content you got....so I went straight ahead and created a high converting website for your business so your clients can see your work and book you seamlessly...

https://thinktosharewebsites.github.io/w/autoclearpro-mobile-detailing.html

btw don't mind the images I've used ... I just made do with whatever I could get from your IG

If you like it lets get on a call maybe to customise it for your business"
https://www.instagram.com/deluxeinfresh/,"Hey, are you guys taking on new projects? 

I don't commonly do this but I was just doom scrolling and found your detailing page and your work looks 🔥....was surprised though you got no dedicated website ...especially with the kind content you got....so I went straight ahead and created a high converting website for your business so your clients can see your work and book you seamlessly...

https://thinktosharewebsites.github.io/w/deluxe-infresh.html

btw don't mind the images I've used ... I just made do with whatever I could get from your IG

If you like it lets get on a call maybe to customise it for your business"
https://www.instagram.com/diamonddetailingtx/,"Hey, are you guys taking on new projects? 

I don't commonly do this but I was just doom scrolling and found your detailing page and your work looks 🔥....was surprised though you got no dedicated website ...especially with the kind content you got....so I went straight ahead and created a high converting website for your business so your clients can see your work and book you seamlessly...

https://thinktosharewebsites.github.io/w/diamond-detailing-tx.html

btw don't mind the images I've used ... I just made do with whatever I could get from your IG

If you like it lets get on a call maybe to customise it for your business"
https://www.instagram.com/dsdetailing/,"Hey, are you guys taking on new projects? 

I don't commonly do this but I was just doom scrolling and found your detailing page and your work looks 🔥....was surprised though you got no dedicated website ...especially with the kind content you got....so I went straight ahead and created a high converting website for your business so your clients can see your work and book you seamlessly...

https://thinktosharewebsites.github.io/w/ds-detailing.html

btw don't mind the images I've used ... I just made do with whatever I could get from your IG

If you like it lets get on a call maybe to customise it for your business"
https://www.instagram.com/elitedrivewaydetailing/,"Hey, are you guys taking on new projects? 

I don't commonly do this but I was just doom scrolling and found your detailing page and your work looks 🔥....was surprised though you got no dedicated website ...especially with the kind content you got....so I went straight ahead and created a high converting website for your business so your clients can see your work and book you seamlessly...

https://thinktosharewebsites.github.io/w/elite-driveway-detailing.html

btw don't mind the images I've used ... I just made do with whatever I could get from your IG

If you like it lets get on a call maybe to customise it for your business"
https://www.instagram.com/hawkeyedetailing/,"Hey, are you guys taking on new projects? 

I don't commonly do this but I was just doom scrolling and found your detailing page and your work looks 🔥....was surprised though you got no dedicated website ...especially with the kind content you got....so I went straight ahead and created a high converting website for your business so your clients can see your work and book you seamlessly...

https://thinktosharewebsites.github.io/w/hawkeye-detailing.html

btw don't mind the images I've used ... I just made do with whatever I could get from your IG

If you like it lets get on a call maybe to customise it for your business"
https://www.instagram.com/huntersmobiledetailing/,"Hey, are you guys taking on new projects? 

I don't commonly do this but I was just doom scrolling and found your detailing page and your work looks 🔥....was surprised though you got no dedicated website ...especially with the kind content you got....so I went straight ahead and created a high converting website for your business so your clients can see your work and book you seamlessly...

https://thinktosharewebsites.github.io/w/hunters-mobile-detailing.html

btw don't mind the images I've used ... I just made do with whatever I could get from your IG

If you like it lets get on a call maybe to customise it for your business"
https://www.instagram.com/jjcardetailing/,"Hey, are you guys taking on new projects? 

I don't commonly do this but I was just doom scrolling and found your detailing page and your work looks 🔥....was surprised though you got no dedicated website ...especially with the kind content you got....so I went straight ahead and created a high converting website for your business so your clients can see your work and book you seamlessly...

https://thinktosharewebsites.github.io/w/jj-car-detailing.html

btw don't mind the images I've used ... I just made do with whatever I could get from your IG

If you like it lets get on a call maybe to customise it for your business"
https://www.instagram.com/lavageautofeliz/,"Hey, are you guys taking on new projects? 

I don't commonly do this but I was just doom scrolling and found your detailing page and your work looks 🔥....was surprised though you got no dedicated website ...especially with the kind content you got....so I went straight ahead and created a high converting website for your business so your clients can see your work and book you seamlessly...

https://thinktosharewebsites.github.io/w/lavage-auto-feliz.html

btw don't mind the images I've used ... I just made do with whatever I could get from your IG

If you like it lets get on a call maybe to customise it for your business"
https://www.instagram.com/localdetailz/,"Hey, are you guys taking on new projects? 

I don't commonly do this but I was just doom scrolling and found your detailing page and your work looks 🔥....was surprised though you got no dedicated website ...especially with the kind content you got....so I went straight ahead and created a high converting website for your business so your clients can see your work and book you seamlessly...

https://thinktosharewebsites.github.io/w/local-detailz.html

btw don't mind the images I've used ... I just made do with whatever I could get from your IG

If you like it lets get on a call maybe to customise it for your business"
https://www.instagram.com/lopezmobiledetail/,"Hey, are you guys taking on new projects? 

I don't commonly do this but I was just doom scrolling and found your detailing page and your work looks 🔥....was surprised though you got no dedicated website ...especially with the kind content you got....so I went straight ahead and created a high converting website for your business so your clients can see your work and book you seamlessly...

https://thinktosharewebsites.github.io/w/lopez-mobile-detail.html

btw don't mind the images I've used ... I just made do with whatever I could get from your IG

If you like it lets get on a call maybe to customise it for your business"
https://www.instagram.com/northcustomscanada/,"Hey, are you guys taking on new projects? 

I don't commonly do this but I was just doom scrolling and found your detailing page and your work looks 🔥....was surprised though you got no dedicated website ...especially with the kind content you got....so I went straight ahead and created a high converting website for your business so your clients can see your work and book you seamlessly...

https://thinktosharewebsites.github.io/w/north-customs-canada.html

btw don't mind the images I've used ... I just made do with whatever I could get from your IG

If you like it lets get on a call maybe to customise it for your business"
https://www.instagram.com/platinumluxedetailing/,"Hey, are you guys taking on new projects? 

I don't commonly do this but I was just doom scrolling and found your detailing page and your work looks 🔥....was surprised though you got no dedicated website ...especially with the kind content you got....so I went straight ahead and created a high converting website for your business so your clients can see your work and book you seamlessly...

https://thinktosharewebsites.github.io/w/platinum-luxe-detailing.html

btw don't mind the images I've used ... I just made do with whatever I could get from your IG

If you like it lets get on a call maybe to customise it for your business"
https://www.instagram.com/premiumautodetailing/,"Hey, are you guys taking on new projects? 

I don't commonly do this but I was just doom scrolling and found your detailing page and your work looks 🔥....was surprised though you got no dedicated website ...especially with the kind content you got....so I went straight ahead and created a high converting website for your business so your clients can see your work and book you seamlessly...

https://thinktosharewebsites.github.io/w/premium-auto-detailing.html

btw don't mind the images I've used ... I just made do with whatever I could get from your IG

If you like it lets get on a call maybe to customise it for your business"
https://www.instagram.com/socalautodetails/,"Hey, are you guys taking on new projects? 

I don't commonly do this but I was just doom scrolling and found your detailing page and your work looks 🔥....was surprised though you got no dedicated website ...especially with the kind content you got....so I went straight ahead and created a high converting website for your business so your clients can see your work and book you seamlessly...

https://thinktosharewebsites.github.io/w/socal-auto-details.html

btw don't mind the images I've used ... I just made do with whatever I could get from your IG

If you like it lets get on a call maybe to customise it for your business"
https://www.instagram.com/stvaletsmobile/,"Hey, are you guys taking on new projects? 

I don't commonly do this but I was just doom scrolling and found your detailing page and your work looks 🔥....was surprised though you got no dedicated website ...especially with the kind content you got....so I went straight ahead and created a high converting website for your business so your clients can see your work and book you seamlessly...

https://thinktosharewebsites.github.io/w/st-valets-mobile.html

btw don't mind the images I've used ... I just made do with whatever I could get from your IG

If you like it lets get on a call maybe to customise it for your business"
https://www.instagram.com/swiftyautostyling/,"Hey, are you guys taking on new projects? 

I don't commonly do this but I was just doom scrolling and found your detailing page and your work looks 🔥....was surprised though you got no dedicated website ...especially with the kind content you got....so I went straight ahead and created a high converting website for your business so your clients can see your work and book you seamlessly...

https://thinktosharewebsites.github.io/w/swifty-autostyling.html

btw don't mind the images I've used ... I just made do with whatever I could get from your IG

If you like it lets get on a call maybe to customise it for your business"
https://www.instagram.com/tandemcarhub/,"Hey, are you guys taking on new projects? 

I don't commonly do this but I was just doom scrolling and found your detailing page and your work looks 🔥....was surprised though you got no dedicated website ...especially with the kind content you got....so I went straight ahead and created a high converting website for your business so your clients can see your work and book you seamlessly...

https://thinktosharewebsites.github.io/w/tandem-car-hub.html

btw don't mind the images I've used ... I just made do with whatever I could get from your IG

If you like it lets get on a call maybe to customise it for your business"
https://www.instagram.com/wrxblazee/,"Hey, are you guys taking on new projects? 

I don't commonly do this but I was just doom scrolling and found your detailing page and your work looks 🔥....was surprised though you got no dedicated website ...especially with the kind content you got....so I went straight ahead and created a high converting website for your business so your clients can see your work and book you seamlessly...

https://thinktosharewebsites.github.io/w/wrx-blazee.html

btw don't mind the images I've used ... I just made do with whatever I could get from your IG

If you like it lets get on a call maybe to customise it for your business"
https://www.instagram.com/apexroofrevival/,"Hey, are you guys taking on new projects? 

I don't commonly do this but I was just doom scrolling and found your pressure washing page and your work looks 🔥....was surprised though you got no dedicated website ...especially with the kind content you got....so I went straight ahead and created a high converting website for your business so your clients can see your work and book you seamlessly...

https://thinktosharewebsites.github.io/w/apex-roof-revival.html

btw don't mind the images I've used ... I just made do with whatever I could get from your IG

If you like it lets get on a call maybe to customise it for your business"
https://www.instagram.com/cfpressurewash/,"Hey, are you guys taking on new projects? 

I don't commonly do this but I was just doom scrolling and found your pressure washing page and your work looks 🔥....was surprised though you got no dedicated website ...especially with the kind content you got....so I went straight ahead and created a high converting website for your business so your clients can see your work and book you seamlessly...

https://thinktosharewebsites.github.io/w/cf-pressurewash.html

btw don't mind the images I've used ... I just made do with whatever I could get from your IG

If you like it lets get on a call maybe to customise it for your business"
https://www.instagram.com/danielpressurewashing/,"Hey, are you guys taking on new projects? 

I don't commonly do this but I was just doom scrolling and found your pressure washing page and your work looks 🔥....was surprised though you got no dedicated website ...especially with the kind content you got....so I went straight ahead and created a high converting website for your business so your clients can see your work and book you seamlessly...

https://thinktosharewebsites.github.io/w/daniel-pressure-washing.html

btw don't mind the images I've used ... I just made do with whatever I could get from your IG

If you like it lets get on a call maybe to customise it for your business"
https://www.instagram.com/doglordricowash/,"Hey, are you guys taking on new projects? 

I don't commonly do this but I was just doom scrolling and found your pressure washing page and your work looks 🔥....was surprised though you got no dedicated website ...especially with the kind content you got....so I went straight ahead and created a high converting website for your business so your clients can see your work and book you seamlessly...

https://thinktosharewebsites.github.io/w/doglord-rico-wash.html

btw don't mind the images I've used ... I just made do with whatever I could get from your IG

If you like it lets get on a call maybe to customise it for your business"
https://www.instagram.com/figueroahomecarenj/,"Hey, are you guys taking on new projects? 

I don't commonly do this but I was just doom scrolling and found your pressure washing page and your work looks 🔥....was surprised though you got no dedicated website ...especially with the kind content you got....so I went straight ahead and created a high converting website for your business so your clients can see your work and book you seamlessly...

https://thinktosharewebsites.github.io/w/figueroa-homecare-nj.html

btw don't mind the images I've used ... I just made do with whatever I could get from your IG

If you like it lets get on a call maybe to customise it for your business"
https://www.instagram.com/happypowerwashllc/,"Hey, are you guys taking on new projects? 

I don't commonly do this but I was just doom scrolling and found your pressure washing page and your work looks 🔥....was surprised though you got no dedicated website ...especially with the kind content you got....so I went straight ahead and created a high converting website for your business so your clients can see your work and book you seamlessly...

https://thinktosharewebsites.github.io/w/happy-powerwash-llc.html

btw don't mind the images I've used ... I just made do with whatever I could get from your IG

If you like it lets get on a call maybe to customise it for your business"
https://www.instagram.com/hspressurewashing/,"Hey, are you guys taking on new projects? 

I don't commonly do this but I was just doom scrolling and found your pressure washing page and your work looks 🔥....was surprised though you got no dedicated website ...especially with the kind content you got....so I went straight ahead and created a high converting website for your business so your clients can see your work and book you seamlessly...

https://thinktosharewebsites.github.io/w/hs-pressurewashing.html

btw don't mind the images I've used ... I just made do with whatever I could get from your IG

If you like it lets get on a call maybe to customise it for your business"
https://www.instagram.com/jerseyshorecleaning/,"Hey, are you guys taking on new projects? 

I don't commonly do this but I was just doom scrolling and found your pressure washing page and your work looks 🔥....was surprised though you got no dedicated website ...especially with the kind content you got....so I went straight ahead and created a high converting website for your business so your clients can see your work and book you seamlessly...

https://thinktosharewebsites.github.io/w/jersey-shore-cleaning.html

btw don't mind the images I've used ... I just made do with whatever I could get from your IG

If you like it lets get on a call maybe to customise it for your business"
https://www.instagram.com/jetwashnation/,"Hey, are you guys taking on new projects? 

I don't commonly do this but I was just doom scrolling and found your pressure washing page and your work looks 🔥....was surprised though you got no dedicated website ...especially with the kind content you got....so I went straight ahead and created a high converting website for your business so your clients can see your work and book you seamlessly...

https://thinktosharewebsites.github.io/w/jetwash-nation.html

btw don't mind the images I've used ... I just made do with whatever I could get from your IG

If you like it lets get on a call maybe to customise it for your business"
https://www.instagram.com/johnnyblazzwash/,"Hey, are you guys taking on new projects? 

I don't commonly do this but I was just doom scrolling and found your pressure washing page and your work looks 🔥....was surprised though you got no dedicated website ...especially with the kind content you got....so I went straight ahead and created a high converting website for your business so your clients can see your work and book you seamlessly...

https://thinktosharewebsites.github.io/w/johnny-blazz-wash.html

btw don't mind the images I've used ... I just made do with whatever I could get from your IG

If you like it lets get on a call maybe to customise it for your business"
https://www.instagram.com/lonewolfwash/,"Hey, are you guys taking on new projects? 

I don't commonly do this but I was just doom scrolling and found your pressure washing page and your work looks 🔥....was surprised though you got no dedicated website ...especially with the kind content you got....so I went straight ahead and created a high converting website for your business so your clients can see your work and book you seamlessly...

https://thinktosharewebsites.github.io/w/lone-wolf-wash.html

btw don't mind the images I've used ... I just made do with whatever I could get from your IG

If you like it lets get on a call maybe to customise it for your business"
https://www.instagram.com/miraclepressurewashing/,"Hey, are you guys taking on new projects? 

I don't commonly do this but I was just doom scrolling and found your pressure washing page and your work looks 🔥....was surprised though you got no dedicated website ...especially with the kind content you got....so I went straight ahead and created a high converting website for your business so your clients can see your work and book you seamlessly...

https://thinktosharewebsites.github.io/w/miracle-pressure-washing.html

btw don't mind the images I've used ... I just made do with whatever I could get from your IG

If you like it lets get on a call maybe to customise it for your business"
https://www.instagram.com/pressurewashing916/,"Hey, are you guys taking on new projects? 

I don't commonly do this but I was just doom scrolling and found your pressure washing page and your work looks 🔥....was surprised though you got no dedicated website ...especially with the kind content you got....so I went straight ahead and created a high converting website for your business so your clients can see your work and book you seamlessly...

https://thinktosharewebsites.github.io/w/pressurewashing-916.html

btw don't mind the images I've used ... I just made do with whatever I could get from your IG

If you like it lets get on a call maybe to customise it for your business"
https://www.instagram.com/proshinefl/,"Hey, are you guys taking on new projects? 

I don't commonly do this but I was just doom scrolling and found your pressure washing page and your work looks 🔥....was surprised though you got no dedicated website ...especially with the kind content you got....so I went straight ahead and created a high converting website for your business so your clients can see your work and book you seamlessly...

https://thinktosharewebsites.github.io/w/proshine-fl.html

btw don't mind the images I've used ... I just made do with whatever I could get from your IG

If you like it lets get on a call maybe to customise it for your business"
https://www.instagram.com/pushingpressureltd/,"Hey, are you guys taking on new projects? 

I don't commonly do this but I was just doom scrolling and found your pressure washing page and your work looks 🔥....was surprised though you got no dedicated website ...especially with the kind content you got....so I went straight ahead and created a high converting website for your business so your clients can see your work and book you seamlessly...

https://thinktosharewebsites.github.io/w/pushing-pressure-ltd.html

btw don't mind the images I've used ... I just made do with whatever I could get from your IG

If you like it lets get on a call maybe to customise it for your business"
https://www.instagram.com/savagepressurewashing/,"Hey, are you guys taking on new projects? 

I don't commonly do this but I was just doom scrolling and found your pressure washing page and your work looks 🔥....was surprised though you got no dedicated website ...especially with the kind content you got....so I went straight ahead and created a high converting website for your business so your clients can see your work and book you seamlessly...

https://thinktosharewebsites.github.io/w/savage-pressure-washing.html

btw don't mind the images I've used ... I just made do with whatever I could get from your IG

If you like it lets get on a call maybe to customise it for your business"
https://www.instagram.com/scoobystevepowerwash/,"Hey, are you guys taking on new projects? 

I don't commonly do this but I was just doom scrolling and found your pressure washing page and your work looks 🔥....was surprised though you got no dedicated website ...especially with the kind content you got....so I went straight ahead and created a high converting website for your business so your clients can see your work and book you seamlessly...

https://thinktosharewebsites.github.io/w/scooby-steve-powerwash.html

btw don't mind the images I've used ... I just made do with whatever I could get from your IG

If you like it lets get on a call maybe to customise it for your business"
https://www.instagram.com/splashpropowerwashing/,"Hey, are you guys taking on new projects? 

I don't commonly do this but I was just doom scrolling and found your pressure washing page and your work looks 🔥....was surprised though you got no dedicated website ...especially with the kind content you got....so I went straight ahead and created a high converting website for your business so your clients can see your work and book you seamlessly...

https://thinktosharewebsites.github.io/w/splash-pro-powerwashing.html

btw don't mind the images I've used ... I just made do with whatever I could get from your IG

If you like it lets get on a call maybe to customise it for your business"
https://www.instagram.com/teeluckypowerwash/,"Hey, are you guys taking on new projects? 

I don't commonly do this but I was just doom scrolling and found your pressure washing page and your work looks 🔥....was surprised though you got no dedicated website ...especially with the kind content you got....so I went straight ahead and created a high converting website for your business so your clients can see your work and book you seamlessly...

https://thinktosharewebsites.github.io/w/teelucky-powerwash.html

btw don't mind the images I've used ... I just made do with whatever I could get from your IG

If you like it lets get on a call maybe to customise it for your business"
https://www.instagram.com/thegoldenpro/,"Hey, are you guys taking on new projects? 

I don't commonly do this but I was just doom scrolling and found your pressure washing page and your work looks 🔥....was surprised though you got no dedicated website ...especially with the kind content you got....so I went straight ahead and created a high converting website for your business so your clients can see your work and book you seamlessly...

https://thinktosharewebsites.github.io/w/the-golden-pro.html

btw don't mind the images I've used ... I just made do with whatever I could get from your IG

If you like it lets get on a call maybe to customise it for your business"
https://www.instagram.com/mydailycakesandbakes,"Hey, are you guys taking on new projects? 

I don't commonly do this but I was just doom scrolling and found your baking page and your work looks 🔥....was surprised though you got no dedicated website ...especially with the kind content you got....so I went straight ahead and created a high converting website for your business so your clients can see your work and book you seamlessly...

https://thinktosharewebsites.github.io/w/my-daily-cakes-bakes.html

btw don't mind the images I've used ... I just made do with whatever I could get from your IG

If you like it lets get on a call maybe to customise it for your business"
https://www.instagram.com/carlosmartinezcakes,"Hey, are you guys taking on new projects? 

I don't commonly do this but I was just doom scrolling and found your baking page and your work looks 🔥....was surprised though you got no dedicated website ...especially with the kind content you got....so I went straight ahead and created a high converting website for your business so your clients can see your work and book you seamlessly...

https://thinktosharewebsites.github.io/w/carlos-martinez-cakes.html

btw don't mind the images I've used ... I just made do with whatever I could get from your IG

If you like it lets get on a call maybe to customise it for your business"
https://www.instagram.com/melscakeslondon,"Hey, are you guys taking on new projects? 

I don't commonly do this but I was just doom scrolling and found your baking page and your work looks 🔥....was surprised though you got no dedicated website ...especially with the kind content you got....so I went straight ahead and created a high converting website for your business so your clients can see your work and book you seamlessly...

https://thinktosharewebsites.github.io/w/mels-cakes-london.html

btw don't mind the images I've used ... I just made do with whatever I could get from your IG

If you like it lets get on a call maybe to customise it for your business"
https://www.instagram.com/mauxissweetcakes,"Hey, are you guys taking on new projects? 

I don't commonly do this but I was just doom scrolling and found your baking page and your work looks 🔥....was surprised though you got no dedicated website ...especially with the kind content you got....so I went straight ahead and created a high converting website for your business so your clients can see your work and book you seamlessly...

https://thinktosharewebsites.github.io/w/mauxis-sweet-cakes.html

btw don't mind the images I've used ... I just made do with whatever I could get from your IG

If you like it lets get on a call maybe to customise it for your business"
https://www.instagram.com/sweet.bloom.treats,"Hey, are you guys taking on new projects? 

I don't commonly do this but I was just doom scrolling and found your baking page and your work looks 🔥....was surprised though you got no dedicated website ...especially with the kind content you got....so I went straight ahead and created a high converting website for your business so your clients can see your work and book you seamlessly...

https://thinktosharewebsites.github.io/w/sweet-bloom-treats.html

btw don't mind the images I've used ... I just made do with whatever I could get from your IG

If you like it lets get on a call maybe to customise it for your business"
https://www.instagram.com/katgoodies_,"Hey, are you guys taking on new projects? 

I don't commonly do this but I was just doom scrolling and found your baking page and your work looks 🔥....was surprised though you got no dedicated website ...especially with the kind content you got....so I went straight ahead and created a high converting website for your business so your clients can see your work and book you seamlessly...

https://thinktosharewebsites.github.io/w/kat-goodies.html

btw don't mind the images I've used ... I just made do with whatever I could get from your IG

If you like it lets get on a call maybe to customise it for your business"
https://www.instagram.com/tailwaggzbarkery,"Hey, are you guys taking on new projects? 

I don't commonly do this but I was just doom scrolling and found your baking page and your work looks 🔥....was surprised though you got no dedicated website ...especially with the kind content you got....so I went straight ahead and created a high converting website for your business so your clients can see your work and book you seamlessly...

https://thinktosharewebsites.github.io/w/tailwaggz-barkery.html

btw don't mind the images I've used ... I just made do with whatever I could get from your IG

If you like it lets get on a call maybe to customise it for your business"
https://www.instagram.com/the_cake.pop,"Hey, are you guys taking on new projects? 

I don't commonly do this but I was just doom scrolling and found your baking page and your work looks 🔥....was surprised though you got no dedicated website ...especially with the kind content you got....so I went straight ahead and created a high converting website for your business so your clients can see your work and book you seamlessly...

https://thinktosharewebsites.github.io/w/the-cake-pop.html

btw don't mind the images I've used ... I just made do with whatever I could get from your IG

If you like it lets get on a call maybe to customise it for your business"
https://www.instagram.com/btown_bakers,"Hey, are you guys taking on new projects? 

I don't commonly do this but I was just doom scrolling and found your baking page and your work looks 🔥....was surprised though you got no dedicated website ...especially with the kind content you got....so I went straight ahead and created a high converting website for your business so your clients can see your work and book you seamlessly...

https://thinktosharewebsites.github.io/w/btown-bakers.html

btw don't mind the images I've used ... I just made do with whatever I could get from your IG

If you like it lets get on a call maybe to customise it for your business"
https://www.instagram.com/deeva_sweets,"Hey, are you guys taking on new projects? 

I don't commonly do this but I was just doom scrolling and found your baking page and your work looks 🔥....was surprised though you got no dedicated website ...especially with the kind content you got....so I went straight ahead and created a high converting website for your business so your clients can see your work and book you seamlessly...

https://thinktosharewebsites.github.io/w/deeva-sweets.html

btw don't mind the images I've used ... I just made do with whatever I could get from your IG

If you like it lets get on a call maybe to customise it for your business"
https://www.instagram.com/furfabpet?igsh=eGRoYjN3MWhvNGRm,"Hey, are you guys taking on new projects? 

I don't commonly do this but I was just doom scrolling and found your grooming page and your work looks 🔥....was surprised though you got no dedicated website ...especially with the kind content you got....so I went straight ahead and created a high converting website for your business so your clients can see your work and book you seamlessly...

https://thinktosharewebsites.github.io/w/furfab-pet-grooming.html

btw don't mind the images I've used ... I just made do with whatever I could get from your IG

If you like it lets get on a call maybe to customise it for your business"
https://www.instagram.com/martinpets.ny?igsh=MTNzaTRrMDU0YTh0ZA==,"Hey, are you guys taking on new projects? 

I don't commonly do this but I was just doom scrolling and found your grooming page and your work looks 🔥....was surprised though you got no dedicated website ...especially with the kind content you got....so I went straight ahead and created a high converting website for your business so your clients can see your work and book you seamlessly...

https://thinktosharewebsites.github.io/w/martin-pets-ny.html

btw don't mind the images I've used ... I just made do with whatever I could get from your IG

If you like it lets get on a call maybe to customise it for your business"
https://www.instagram.com/zoomingroomin_southsidechicago?igsh=MXd0MGdpOWxxNTZidQ==,"Hey, are you guys taking on new projects? 

I don't commonly do this but I was just doom scrolling and found your grooming page and your work looks 🔥....was surprised though you got no dedicated website ...especially with the kind content you got....so I went straight ahead and created a high converting website for your business so your clients can see your work and book you seamlessly...

https://thinktosharewebsites.github.io/w/zoomin-groomin-chicago.html

btw don't mind the images I've used ... I just made do with whatever I could get from your IG

If you like it lets get on a call maybe to customise it for your business"
https://www.instagram.com/furtastic.doggrooming?igsh=MXZ6NGl4ZWZ5NXFnag==,"Hey, are you guys taking on new projects? 

I don't commonly do this but I was just doom scrolling and found your grooming page and your work looks 🔥....was surprised though you got no dedicated website ...especially with the kind content you got....so I went straight ahead and created a high converting website for your business so your clients can see your work and book you seamlessly...

https://thinktosharewebsites.github.io/w/furtastic-mobile-grooming.html

btw don't mind the images I've used ... I just made do with whatever I could get from your IG

If you like it lets get on a call maybe to customise it for your business"
https://www.instagram.com/barksinthebaygrooming?igsh=MTBzMm0wNGFzNXI2aw==,"Hey, are you guys taking on new projects? 

I don't commonly do this but I was just doom scrolling and found your grooming page and your work looks 🔥....was surprised though you got no dedicated website ...especially with the kind content you got....so I went straight ahead and created a high converting website for your business so your clients can see your work and book you seamlessly...

https://thinktosharewebsites.github.io/w/barks-in-the-bay.html

btw don't mind the images I've used ... I just made do with whatever I could get from your IG

If you like it lets get on a call maybe to customise it for your business"
https://www.instagram.com/dejas_grooming_?igsh=bGtiYm14YmppZmg5,"Hey, are you guys taking on new projects? 

I don't commonly do this but I was just doom scrolling and found your grooming page and your work looks 🔥....was surprised though you got no dedicated website ...especially with the kind content you got....so I went straight ahead and created a high converting website for your business so your clients can see your work and book you seamlessly...

https://thinktosharewebsites.github.io/w/dejas-grooming.html

btw don't mind the images I've used ... I just made do with whatever I could get from your IG

If you like it lets get on a call maybe to customise it for your business"
https://www.instagram.com/fluffedbyari?igsh=MWp3bXhyZWJuMDl6bQ==,"Hey, are you guys taking on new projects? 

I don't commonly do this but I was just doom scrolling and found your grooming page and your work looks 🔥....was surprised though you got no dedicated website ...especially with the kind content you got....so I went straight ahead and created a high converting website for your business so your clients can see your work and book you seamlessly...

https://thinktosharewebsites.github.io/w/fluffed-by-ari.html

btw don't mind the images I've used ... I just made do with whatever I could get from your IG

If you like it lets get on a call maybe to customise it for your business"
https://www.instagram.com/bnsorlando?igsh=MW41Nm5scXp6N2RrdA==,"Hey, are you guys taking on new projects? 

I don't commonly do this but I was just doom scrolling and found your grooming page and your work looks 🔥....was surprised though you got no dedicated website ...especially with the kind content you got....so I went straight ahead and created a high converting website for your business so your clients can see your work and book you seamlessly...

https://thinktosharewebsites.github.io/w/bright-n-shine-orlando.html

btw don't mind the images I've used ... I just made do with whatever I could get from your IG

If you like it lets get on a call maybe to customise it for your business"
https://www.instagram.com/puppiestattoosmobile?igsh=MW1vdW41ZGhtOXRkZw==,"Hey, are you guys taking on new projects? 

I don't commonly do this but I was just doom scrolling and found your grooming page and your work looks 🔥....was surprised though you got no dedicated website ...especially with the kind content you got....so I went straight ahead and created a high converting website for your business so your clients can see your work and book you seamlessly...

https://thinktosharewebsites.github.io/w/puppies-tattoos-mobile.html

btw don't mind the images I've used ... I just made do with whatever I could get from your IG

If you like it lets get on a call maybe to customise it for your business"
https://www.instagram.com/jays_mobilepetgrooming?igsh=MTkzeHUxcmZxbDd3OQ==,"Hey, are you guys taking on new projects? 

I don't commonly do this but I was just doom scrolling and found your grooming page and your work looks 🔥....was surprised though you got no dedicated website ...especially with the kind content you got....so I went straight ahead and created a high converting website for your business so your clients can see your work and book you seamlessly...

https://thinktosharewebsites.github.io/w/jays-mobile-pet-grooming.html

btw don't mind the images I've used ... I just made do with whatever I could get from your IG

If you like it lets get on a call maybe to customise it for your business"
